Publication numbers,Standardized publication numbers,Publication kind codes,Publication numbers with kind code,Country code and status,Publication dates,Original document,URL document,Earliest priority date,Title,Titulo,Abstract,Resumen,Inventors,Latest standardized assignees - inventors removed,Assignee country,Assignee address,Countries/authorities  - Count,Questel unique family ID (FAN),Family publication details,EPO Family ID,Application number,Standardized application number
CN119827680,CN119827680,A,CN119827680         A ,CNA,2025-04-15,Open,https://www.orbit.com/GetPDF?gui=crypt&callingapp=EDOFF&key=hXP7Q1+dwoTiDudnpSbsAVfn1HwLNiulWeUrB63Jy+sSjghI9dFY0RSxqatNNE9zVWL5msPEi/s=&n=1,2025-01-25,"(CN119827680)
Method for detecting neonicotinoid pesticide in honey and application","(CN119827680)
Método para la detección de plaguicidas neonicotinoides en la miel y su aplicación","(CN119827680)
The invention discloses a method for detecting a neonicotinoid pesticide in honey and application thereof, and belongs to the technical field of food safety. The method comprises weighing 1g of honey sample, adding 0.35mL EDTA-MCILVAINE buffer solution, vortex dissolving, adding 0.6mL 1% acetonitrile formate (v/v), vortex, centrifuging, freezing, and absorbing the upper acetonitrile extract for analysis and determination. And (3) determining 7 types of neonicotinoid pesticides in the honey by adopting a liquid chromatography-tandem mass spectrometry method, and quantifying by an external standard method. The invention utilizes the honey matrix to induce the sugar analysis effect, combines the freezing treatment to realize the one-step extraction, pre-concentration and purification of the target object, has the advantages of simple pretreatment, economy, environmental protection, rapid detection, low matrix effect and high sensitivity, is suitable for the high-throughput detection of a large number of honey samples, and provides a reliable analysis tool for food safety risk assessment.","(CN119827680)
La invención describe un método para detectar un pesticida neonicotinoides en la miel y su aplicación, y pertenece al campo técnico de la seguridad alimentaria. El método comprende pesar 1 g de muestra de miel, añadir 0,35 ml de solución tampón de EDTA-MCILVAINE, disolver en vórtex, añadir 0,6 ml de formiato de acetonitrilo al 1 % (v/v), agitar en vórtex, centrifugar, congelar y absorber el extracto superior de acetonitrilo para su análisis y determinación. Finalmente, (3) determinar 7 tipos de pesticidas neonicotinoides en la miel mediante cromatografía líquida-espectrometría de masas en tándem y cuantificar mediante un método de patrón externo. La invención utiliza la matriz de miel para inducir el efecto de análisis de azúcar, combina el tratamiento de congelación para realizar la extracción, preconcentración y purificación en un solo paso del objeto objetivo, tiene las ventajas de pretratamiento simple, economía, protección del medio ambiente, detección rápida, bajo efecto de matriz y alta sensibilidad, es adecuado para la detección de alto rendimiento de una gran cantidad de muestras de miel y proporciona una herramienta de análisis confiable para la evaluación de riesgos de seguridad alimentaria.","Fei Zhixin
Song Qing",YUNNAN PROVINCIAL CENTER FOR DISEASE CONTROL & PREVENTION YUNNAN ACADEMY OF PREVENTIVE MEDICINE,"(CN119827680)
CN","(CN119827680)
NAME=Yunnan Provincial Center for Disease Control and Prevention (Yunnan Academy of Preventive Medicine)  , COUNTRY=CN",1,114197746,CN119827680         A  2025-04-15 [CN119827680],95306351,CN202510121390,2025CN-0121390
CN119619070,CN119619070,A,CN119619070         A ,CNA,2025-03-14,Open,https://www.orbit.com/GetPDF?gui=crypt&callingapp=EDOFF&key=hXP7Q1+dwoSX3fOkkwdDalfn1HwLNiulWeUrB63Jy+sSjghI9dFY0RSxqatNNE9zVWL5msPEi/s=&n=1,2024-12-04,"(CN119619070)
Chemical attribute control method and water on-line detection device for refined honey of traditional Chinese medicine big honeyed pills","(CN119619070)
Método de control de atributos químicos y dispositivo de detección de agua en línea para miel refinada de medicina tradicional china (píldoras grandes de miel)","(CN119619070)
The invention provides an online detection method and device based on a Near Infrared (NIR) spectrum technology, which are used for monitoring and controlling the moisture and the 5-hydroxymethylfurfural (5-HMF) content in the honey refining process of a traditional Chinese medicine big honeyed pill in real time. According to the method, the key chemical properties in the honey refining process are rapidly and accurately detected by optimizing a spectrum preprocessing technology and a modeling wave band and combining a Support Vector Regression (SVR) algorithm. The device adopts the bypass external circulation design, is suitable for normal pressure and reduced pressure honey refining technology, ensures that the relative deviation of the detection result is less than 5 percent, and has the characteristics of high precision, high reliability and nondestructive detection. According to the technical scheme, the digitization level of the honey refining process is remarkably improved, the stability and consistency of the product quality are ensured, and an effective technical support is provided for the quality control of the traditional Chinese medicine preparation.","(CN119619070)
La invención proporciona un método y un dispositivo de detección en línea basados ​​en la tecnología del espectro infrarrojo cercano (NIR), que se utilizan para monitorizar y controlar en tiempo real la humedad y el contenido de 5-hidroximetilfurfural (5-HMF) durante el proceso de refinación de miel de una píldora de miel de medicina tradicional china. Este método permite detectar con rapidez y precisión las propiedades químicas clave del proceso de refinación mediante la optimización de una tecnología de preprocesamiento de espectro y una banda de onda de modelado, y la combinación de un algoritmo de regresión de vectores de soporte (SVR). El dispositivo adopta un diseño de circulación externa de derivación, es apto para la tecnología de refinación de miel a presión normal y reducida, garantiza una desviación relativa del resultado de detección inferior al 5 % y presenta características de alta precisión, fiabilidad y detección no destructiva. Gracias a este diseño técnico, se mejora notablemente el nivel de digitalización del proceso de refinación de miel, se garantiza la estabilidad y consistencia de la calidad del producto y se proporciona un soporte técnico eficaz para el control de calidad de la preparación de medicina tradicional china.","Wu Zhisheng
Li Nan
Wang Yifei
Tian Jinru
Reyila Maimaiti
Wang Kaiyi
Zeng Jingqi",BEIJING UNIVERSITY OF CHINESE MEDICINE,"(CN119619070)
CN","(CN119619070)
NAME=BEIJING UNIVERSITY OF CHINESE MEDICINE  , COUNTRY=CN",1,113762979,CN119619070         A  2025-03-14 [CN119619070],94898615,CN202411770191,2024CN-1770191
CN119667094,CN119667094,A,CN119667094         A ,CNA,2025-03-21,Open,https://www.orbit.com/GetPDF?gui=crypt&callingapp=EDOFF&key=hXP7Q1+dwoRRS/qtM2bMulfn1HwLNiulWeUrB63Jy+sSjghI9dFY0RSxqatNNE9zVWL5msPEi/s=&n=1,2024-11-28,"(CN119667094)
Mass transfer method for pilot scale honey refining process","(CN119667094)
Método de transferencia de masa para el proceso piloto de refinación de miel","(CN119667094)
The invention provides a honey refining mass transfer method suitable for pilot scale, which covers the whole process mass transfer rule of normal pressure and decompression processes. The method comprises the following steps of taking a pilot scale normal pressure and reduced pressure process honey refining process as an investigation object, optimizing a physical and chemical quality attribute measuring method, and collecting physical attributes including dynamic viscosity, complex viscosity, viscous modulus and elastic modulus and chemical attributes including moisture, 5-HMF and tetraose content. The invention also provides a mass transfer kinetic equation suitable for the two processes, and establishes a correlation model among refined honey viscosity (eta), moisture (S) and temperature (T), so that a mass transfer rule under pilot scale normal pressure and reduced pressure processes is systematically clarified. The method provides innovative method and theoretical reference for mass transfer research of complex processes in the traditional Chinese medicine manufacturing process, and has important industrialized application value.","(CN119667094)
La invención proporciona un método de transferencia de masa para el refinado de miel, adecuado para escala piloto, que abarca la regla de transferencia de masa completa en procesos de presión normal y descompresión. El método comprende los siguientes pasos: tomar como objeto de investigación un proceso de refinado de miel a presión normal y presión reducida a escala piloto, optimizar un método de medición de atributos de calidad física y química, y recopilar atributos físicos como la viscosidad dinámica, la viscosidad compleja, el módulo viscoso y el módulo elástico, así como atributos químicos como la humedad, el 5-HMF y el contenido de tetraosa. La invención también proporciona una ecuación cinética de transferencia de masa adecuada para ambos procesos y establece un modelo de correlación entre la viscosidad (eta) de la miel refinada, la humedad (S) y la temperatura (T), de modo que se clarifique sistemáticamente la regla de transferencia de masa en procesos a presión normal y presión reducida a escala piloto. El método proporciona un método innovador y una referencia teórica para la investigación sobre la transferencia de masa en procesos complejos en el proceso de fabricación de la medicina tradicional china, y tiene un importante valor para su aplicación industrial.","WU ZHISHENG
WANG KAIYI
DAI XINGXING
WANG YIFEI
ZHANG LICAI
CENG JINGQI
FENG HUIMIN",BEIJING UNIVERSITY OF CHINESE MEDICINE,"(CN119667094)
CN","(CN119667094)
NAME=BEIJING UNIVERSITY OF CHINESE MEDICINE  , COUNTRY=CN",1,113896162,CN119667094         A  2025-03-21 [CN119667094],94990991,CN202411724484,2024CN-1724484
CN117589749,CN117589749,A,CN117589749         A ,CNA,2024-02-23,Open,https://www.orbit.com/GetPDF?gui=crypt&callingapp=EDOFF&key=hXP7Q1+dwoT1DKtUrWaiDlfn1HwLNiulWeUrB63Jy+sSjghI9dFY0RSxqatNNE9zVWL5msPEi/s=&n=1,2023-12-21,"(CN117589749)
Method for identifying gallnut honey","(CN117589749)
Método para la identificación de la miel de agalla","(CN117589749)
The invention belongs to the technical field of honey identification, and particularly relates to an identification method of gallnut honey. The invention discloses an identification method of gallnut honey, which comprises the following steps: analyzing the emission intensities of C, H and O of a honey sample by using laser-induced breakdown spectroscopy and plasma emission spectrum, and judging whether the honey sample is subjected to saccharide false diagnosis or not; performing LC-MS (liquid chromatography-mass spectrometry) and GC-MS component detection on a honey sample; if gallnut, lumiflavin, benzoic acid and tannic acid exist in the honey sample, judging that the honey sample is gallnut honey; quantitative analysis is carried out according to the symbolic compounds, and the gallnut honey and the high-quality gallnut honey are defined. The method can be used for identifying whether the Chinese gall honey exists or not and identifying the quality of the Chinese gall honey.","(CN117589749)
La invención pertenece al campo técnico de la identificación de miel y, en particular, se refiere a un método de identificación de miel de agalla. La invención describe un método de identificación de miel de agalla que comprende los siguientes pasos: analizar las intensidades de emisión de C, H y O de una muestra de miel mediante espectroscopia de ruptura inducida por láser y espectro de emisión de plasma, y ​​determinar si la muestra de miel presenta un diagnóstico falso de sacáridos; realizar la detección de componentes por LC-MS (cromatografía líquida-espectrometría de masas) y GC-MS en una muestra de miel; si la muestra de miel contiene agalla, lumiflavina, ácido benzoico y ácido tánico, determinar que se trata de miel de agalla; realizar un análisis cuantitativo según los compuestos simbólicos, y definir la miel de agalla y la miel de agalla de alta calidad. El método permite identificar la presencia de miel de agalla china y su calidad.","WANG YINCHEN
YUAN YANG
ZHAO TIAN
DENG MENGQING
REN RONGQING
ZHU ZHIYU
LIAO YAN",GUIZHOU ANIMAL HUSBANDRY VETERINARY INSTITUTE,"(CN117589749)
CN","(CN117589749)
NAME=GUIZHOU ANIMAL HUSBANDRY VETERINARY INSTITUTE  , COUNTRY=CN",1,108622320,CN117589749         A  2024-02-23 [CN117589749],89922026,CN202311770094,2023CN-1770094
CN116359377,CN116359377,A,CN116359377         A ,CNA,2023-06-30,Open,https://www.orbit.com/GetPDF?gui=crypt&callingapp=EDOFF&key=hXP7Q1+dwoTgFquyCqgtpFfn1HwLNiulWeUrB63Jy+sSjghI9dFY0RSxqatNNE9zVWL5msPEi/s=&n=1,2023-03-14,"(CN116359377)
Method for determining furfural substances in honey product through liquid chromatography and application","(CN116359377)
Método para la determinación de sustancias furfurales en productos de miel mediante cromatografía líquida y su aplicación.","(CN116359377)
The invention discloses a method for determining furfural substances in a honey product by liquid chromatography. The method comprises the following steps: selecting an instrument, a reagent and a sample; determining chromatographic conditions; and preparing a standard solution. The novel method for rapidly determining the furfural substances in the honey product through the liquid chromatography is established, and the method is suitable for quantitative detection of the three substances in the honey product and has the advantages of being easy to operate, rapid in analysis, wide in linear range, accurate in result and the like. Meanwhile, various brands of honey products sold in Guangxi are detected, and the change trend of furfural substances in the honey products along with time and temperature changes is explored.","(CN116359377)
La invención describe un método para la determinación de furfural en productos de miel mediante cromatografía líquida. El método comprende los siguientes pasos: selección de un instrumento, un reactivo y una muestra; determinación de las condiciones cromatográficas; y preparación de una solución estándar. Se establece un nuevo método para la determinación rápida de furfural en productos de miel mediante cromatografía líquida. Este método es adecuado para la detección cuantitativa de las tres sustancias presentes en el producto y ofrece las ventajas de ser fácil de usar, rápido de analizar, amplio rango lineal y preciso en los resultados, entre otras ventajas. Asimismo, se detectan diversas marcas de productos de miel comercializados en Guangxi y se explora la tendencia de cambio de furfural en los productos de miel, junto con los cambios de tiempo y temperatura.","YANG KUN
LÜ CHUNQIU
QIN ZEHUA
WANG WENLONG
CHEN ZHANCE
SI LULU
LI BING",TECHNICAL CENTER OF NANNING CUSTOMS DISTR,"(CN116359377)
CN","(CN116359377)
NAME=TECHNICAL CENTER OF NANNING CUSTOMS DISTR  , COUNTRY=CN",1,105556746,CN116359377         A  2023-06-30 [CN116359377],86934083,CN202310244502,2023CN-0244502
CN111004698,CN111004698,A,CN111004698         A ,CNA,2020-04-14,Open,https://www.orbit.com/GetPDF?gui=crypt&callingapp=EDOFF&key=hXP7Q1+dwoQx1JBj6liqaVfn1HwLNiulWeUrB63Jy+sSjghI9dFY0RSxqatNNE9zVWL5msPEi/s=&n=1,2019-12-31,"(CN111004698)
Preparation method of rosa sterilis honey fruit wine","(CN111004698)
Método de preparación de vino de frutas con miel de rosas estéril","(CN111004698)
Belonging to the technical field of wine brewing, the invention particularly relates to a preparation method of rosa sterilis honey fruit wine. The method includes the steps of: (1) raw material treatment; (2) juice taking; (3) fermentation liquor adjustment; (4) yeast inoculation; (5) primary fermentation; (6) clarification; (7) ageing; (8) blending; and (9) filtering and bottling: filtering theblended fruit wine by a filtering instrument, and then performing bottling. The rosa sterilis honey fruit wine provided by the invention adopts rosa sterilis and honey as the raw materials, wherein the rosa sterilis is rich in nutrition, contains a lot of vitamin C and polyphenol, has strong fragrance, is coordinated with the mellow and sweet taste of honey, so that the wine body is clear and bright, has harmonious fragrance, delicate and refreshing taste and moderate acerbity, the fruit wine having harmonious fruit fragrance, honey fragrance and wine fragrance is unique in flavor, has low alcoholic strength, more conforms to the development trend of massive health, and is suitable for people of all ages to drink.","(CN111004698)
Perteneciente al campo técnico de la elaboración de vino, la invención se refiere en particular a un método de preparación de vino de frutas con miel de rosa sterilis. El método incluye las siguientes etapas: (1) tratamiento de la materia prima; (2) extracción del mosto; (3) ajuste del licor de fermentación; (4) inoculación de levaduras; (5) fermentación primaria; (6) clarificación; (7) crianza; (8) mezcla; y (9) filtrado y embotellado: filtrar el vino de frutas mezclado con un equipo de filtración y, posteriormente, embotellarlo. El vino de frutas con miel de rosa sterilis proporcionado por la invención adopta rosa sterilis y miel como materias primas, en donde la rosa sterilis es rica en nutrición, contiene mucha vitamina C y polifenol, tiene una fragancia fuerte, se coordina con el sabor suave y dulce de la miel, de modo que el cuerpo del vino es claro y brillante, tiene una fragancia armoniosa, un sabor delicado y refrescante y una acidez moderada, el vino de frutas que tiene una fragancia de fruta armoniosa, fragancia de miel y fragancia de vino es único en sabor, tiene un grado alcohólico bajo, se ajusta más a la tendencia de desarrollo de la salud masiva y es adecuado para que lo beban personas de todas las edades.","HUANG MINGZHENG
YU ZHIHAI
LI-CUI JINYI
ZHANG FEIYUN",GUIZHOU INSTITUTE OF TECHNOLOGY,"(CN111004698)
CN","(CN111004698)
NAME=GUIZHOU INSTITUTE OF TECHNOLOGY  , COUNTRY=CN",1,88284478,CN111004698         A  2020-04-14 [CN111004698],70119994,CN201911416007,2019CN-1416007
"BR102018076892
BR102018076892","BR102018076892
BR102018076892","A2
A0","BR102018076892      A2 
BR102018076892      A0 ","BRA2
BRA0","2020-07-07
2019-02-12",Open,https://www.orbit.com/GetPDF?gui=crypt&callingapp=EDOFF&key=lhz54eLswzkdMjja/Ab3jW+jLRBLlg/+mxsf0sXoXi1mEGd2oFfDlP+NrlpU3XbqZYZ4gCZEgig=&n=1,2018-12-21,"(BR102018076892)
application of a yeast consortium in the elaboration of honey fermented beverages","(BR102018076892)
Aplicación de un consorcio de levaduras en la elaboración de bebidas fermentadas con miel","(BR102018076892)
application of a yeast consortium in the preparation of melt-based fermented beverages The present invention relates to a process of making a fermented beverage based on social bee honey and drinking water; fermented by a consortium of yeasts, saccharomyces cerevisiae and non-saccharomyces yeasts, preferably torulaspora delbrueckii. the wort is prepared according to the desired alcohol content; for this is determined the level of reducing sugars in the honey, from the defined dough is brought to volume with drinking water, added nutrients and calibrated the ph, being pasteurized in sequence. after cooling said wort, the pre-hydrated yeasts are added to saccharomyces cerevisiae and torulaspora delbrueckii. the invention seeks to provide a beverage with reduced fermentation time, differentiated aromatic composition and reduction of undesired compounds.","(BR102018076892)
Aplicación de un consorcio de levaduras en la preparación de bebidas fermentadas fundidas. La presente invención se refiere a un proceso para elaborar una bebida fermentada a base de miel de abejas y agua potable; fermentada por un consorcio de levaduras, Saccharomyces cerevisiae y levaduras no Saccharomyces, preferiblemente Torulaspora delbrueckii. El mosto se prepara según el contenido de alcohol deseado; para ello, se determina el nivel de azúcares reductores en la miel. A partir de la masa definida, se lleva a volumen con agua potable, se añaden nutrientes y se calibra el pH, para luego pasteurizarse. Tras enfriar dicho mosto, se añaden las levaduras prehidratadas a Saccharomyces cerevisiae y Torulaspora delbrueckii. La invención busca proporcionar una bebida con un tiempo de fermentación reducido, una composición aromática diferenciada y una reducción de compuestos indeseados.","CARLOS ALFREDO LOPES DE CARVALHO
CERILENE SANTIAGO MACHADO
IRANA PAIM SILVA
MARIA LETÍCIA MIRANDA FERNANDES ESTEVINHO",UFRB - UNIVERSIDADE FEDERAL DO RECONCAVO DA BAHIA,"(BR102018076892)
BR","(BR102018076892)
NAME=UNIVERSIDADE FEDERAL DO RECÔNCAVO DA BAHIA  , COUNTRY=BR",1,86595327,"BR102018076892      A2 2020-07-07 [BR102018076892]
BR102018076892      A0 2019-02-12 [BR102018076892]",71451372,BR102018076892,2018BR-0076892
"CN109541060
CN109541060","CN109541060B
CN109541060","B
A","CN109541060         B 
CN109541060         A ","CNB
CNA","2021-06-29
2019-03-29",Open,https://www.orbit.com/GetPDF?gui=crypt&callingapp=EDOFF&key=tO7C931onjnNSagFXcVivBj8BQAJLzMlbZEW38EL5eDPpKOoVIJxKZH7LO202gZaENAGo/v2rbI=&n=1,2018-11-28,"(CN109541060)
Method for identifying adulteration of honey through protein detection","(CN109541060)
Método para identificar la adulteración de la miel mediante la detección de proteínas","(CN109541060)
The invention discloses a method for identifying honey adulteration by protein detection. The method comprises the following steps of: (1) detecting MRJP1-MRJP5 protein in a sample, and calculating the content of MRJP1-MRJP5 protein in the sample, respectively recorded as m1-m5, simultaneously determining the total sugar content, the dry weight content and the total protein content of the sample,respectively recorded as M1, M2 and M3; (2) dividing the sum of one or more of m1-m5 by M1, M2 or M3, and then multiplying by 100%, comparing the obtained ratio with a set threshold, and if the obtained ratio is less than the set threshold, determining that the sample is a adulterated product. The method does not rely on exogenous substances added to the honey, and establishes a proteomic LC-MS method to analyze and identify the main protein components of the honey, so as to determine the authenticity of the honey by detecting, calculating and analyzing the main protein content, and provides anew method for identifying whether the honey is adulterated.","(CN109541060)
La invención describe un método para identificar la adulteración de la miel mediante la detección de proteínas. El método comprende los siguientes pasos: (1) detectar la proteína MRJP1-MRJP5 en una muestra y calcular su contenido, registrado como m1-m5, determinando simultáneamente el contenido total de azúcar, el contenido en peso seco y el contenido total de proteína de la muestra, registrados como M1, M2 y M3; (2) dividir la suma de uno o más de m1-m5 entre M1, M2 o M3 y multiplicarla por 100%, comparando la proporción obtenida con un umbral establecido. Si la proporción obtenida es inferior al umbral establecido, se determina que la muestra es un producto adulterado. El método no se basa en sustancias exógenas agregadas a la miel y establece un método LC-MS proteómico para analizar e identificar los principales componentes proteicos de la miel, a fin de determinar la autenticidad de la miel detectando, calculando y analizando el contenido proteico principal, y proporciona un nuevo método para identificar si la miel está adulterada.","SHEN LIRONG
JIANG WEIJIAN
ZHANG YIFAN
TAO BAOHUA
HAO XINGKAI
CHEN QI",HANGZHOU PUSHENG DETECTION TECHNOLOGY,"(CN109541060)
CN
(CN109541060)
CN","(CN109541060)
NAME=HANGZHOU PUSHENG DETECTION TECH CO LTD  , COUNTRY=CN
(CN109541060)
NAME=HANGZHOU PUSHENG DETECTION TECH CO LTD  , COUNTRY=CN",1,84001204,"CN109541060         B  2021-06-29 [CN109541060B]
CN109541060         A  2019-03-29 [CN109541060]",65852176,CN201811435611,2018CN-1435611
CN110231326,CN110231326,A,CN110231326         A ,CNA,2019-09-13,Open,https://www.orbit.com/GetPDF?gui=crypt&callingapp=EDOFF&key=hXP7Q1+dwoRbgPqFgomxPlfn1HwLNiulWeUrB63Jy+sSjghI9dFY0RSxqatNNE9zVWL5msPEi/s=&n=1,2018-03-06,"(CN110231326)
Rapid qualitive and quantitative detection method for pesticide residue of amitraz in honey","(CN110231326)
Método rápido de detección cualitativa y cuantitativa de residuos de plaguicida de amitraz en miel.","(CN110231326)
The invention belongs to the technical field of detection of chemical components and particularly relates to an on-site rapid detection and single-variable quantitative detection method for mite killing pesticide residues in honey. The qualitative and quantitative detection method for a pesticide residue of amitraz in honey comprises the following steps: preparing a silver nanorod SERS array, mixing 2 mg of honey and amitraz with different masses, extracting the amitraz to form a n-hexane-based amitraz solution, taking 200 uL of solutions with different concentrations, dropping the solutions to a SERS substrate, and the like. According to the method in the invention, the SERS technology is adopted for rapidly detecting the amitraz in the honey, quantitative analysis is carried out, the method takes less than 20 min overall, compared with the traditional detection method, the method has good improvement on key technical indexes, and wide popularization significance is achieved for on-site detection of the pesticide residue in the honey.","(CN110231326)
La invención pertenece al campo técnico de la detección de componentes químicos y se refiere en particular a un método de detección rápida in situ y cuantitativo de una sola variable para la eliminación de ácaros de residuos de pesticidas en la miel. El método de detección cualitativa y cuantitativa de residuos de pesticidas de amitraz en la miel comprende los siguientes pasos: preparar una matriz SERS de nanobarras de plata, mezclar 2 mg de miel y amitraz con diferentes masas, extraer el amitraz para formar una solución de amitraz a base de n-hexano, tomar 200 µL de soluciones con diferentes concentraciones, verter las soluciones en un sustrato SERS, etc. Según el método de la invención, se adopta la tecnología SERS para detectar rápidamente el amitraz en la miel. Se realiza un análisis cuantitativo. El método tarda menos de 20 minutos en total, en comparación con el método de detección tradicional, presenta una mejora significativa en los indicadores técnicos clave y se ha popularizado ampliamente la detección in situ de residuos de pesticidas en la miel.","NIE XINMING
TIAN YAPING
ZHAO XINSHENG
TIAN KANGZHEN
HAO JIAQI
CEN JING",JIANGSU NORMAL UNIVERSITY,"(CN110231326)
CN","(CN110231326)
NAME=JIANGSU NORMAL UNIVERSITY  , COUNTRY=CN",1,86009897,CN110231326         A  2019-09-13 [CN110231326],67861738,CN201810182670,2018CN-0182670
"CN108732281
CN108732281","CN108732281B
CN108732281","B
A","CN108732281         B 
CN108732281         A ","CNB
CNA","2021-02-12
2018-11-02",Open,https://www.orbit.com/GetPDF?gui=crypt&callingapp=EDOFF&key=tO7C931onjlbseUhG7tt3Rj8BQAJLzMlbZEW38EL5eDPpKOoVIJxKZH7LO202gZaENAGo/v2rbI=&n=1,2018-02-07,"(CN108732281)
Method for measuring content of hydroxymethylfurfural in honey","(CN108732281)
Método para medir el contenido de hidroximetilfurfural en la miel","(CN108732281)
The invention discloses a method for determining the content of hydroxymethylfurfural in honey. By adopting an external standard method and adjusting test conditions, a flow phase is eluted in a gradient manner, so that the testing accuracy is improved, the testing time is shortened, the accuracy is higher than the standard GB18932.18-2003, and the data reliability is high.","(CN108732281)
La invención describe un método para determinar el contenido de hidroximetilfurfural en la miel. Mediante un método de estándar externo y el ajuste de las condiciones de prueba, se eluye una fase de flujo en gradiente, lo que mejora la precisión de la prueba, reduce el tiempo de prueba, supera la norma GB18932.18-2003 y aumenta la fiabilidad de los datos.","LI LIANG
YANG FAN",SHANGHAI GUANSHENGYUAN BEE PRODUCT,"(CN108732281)
CN","(CN108732281)
NAME=SHANGHAI GUANSHENGYUAN BEE PRODUCT CO LTD  , COUNTRY=CN",1,81832623,"CN108732281         B  2021-02-12 [CN108732281B]
CN108732281         A  2018-11-02 [CN108732281]",63940839,CN201810124697,2018CN-0124697
"CN107300565
CN107300565","CN107300565B
CN107300565","B
A","CN107300565         B 
CN107300565         A ","CNB
CNA","2019-03-19
2017-10-27",Open,https://www.orbit.com/GetPDF?gui=crypt&callingapp=EDOFF&key=tO7C931onjnqBbVxgufo2xj8BQAJLzMlbZEW38EL5eDPpKOoVIJxKZH7LO202gZaENAGo/v2rbI=&n=1,2017-08-25,"(CN107300565)
Nuclear magnetic resonance spectrum method for rapidly identifying rice syrup doped in honey","(CN107300565)
Método de espectroscopia de resonancia magnética nuclear para la rápida identificación de jarabe de arroz dopado en miel.","(CN107300565)
The invention discloses a nuclear magnetic resonance wave spectrum method for fast identifying rice syrup mixing in honey. A honey sample is filtered and is prepared into a solution by heavy water; an internal marker solution containing 3-trimethylsilyl-1-propyl sodium sulfonate and a sodium azide phosphate buffer solution are added; mixing is performed; the pH is regulated to 2.5 to 4.0; through the determination by a nuclear magnetic resonance spectroscope, the nuclear magnetic resonance spectrum is obtained; the four single peaks with the 1H chemical displacement Delta being 2.98+/-(0.02 to 0.05)ppm, 2.93+/-(0.02 to 0.05)ppm, 2.82+/-(0.02 to 0.05)ppm and 2.78+/-(0.02 to 0.05)ppm are contained; in addition, the relative peak intensity of the four single peaks is 1:1.7:1.7:1. When the relative intensity error range does not exceed 10 percent, the condition that the rice syrup is mixed in the sample can be judged; otherwise, no rice syrup is mixed. The method can be used for analyzing a great number of samples in a short time; whether the rice syrup is mixed into the honey or not can be fast identified.","(CN107300565)
La invención describe un método de espectrometría de ondas de resonancia magnética nuclear para la identificación rápida de la mezcla de jarabe de arroz en la miel. Se filtra una muestra de miel y se prepara una solución con agua pesada; se añade una solución de marcador interno que contiene 3-trimetilsilil-1-propil sulfonato sódico y una solución tampón de fosfato de azida sódica; se realiza la mezcla; se regula el pH entre 2,5 y 4,0; mediante la determinación con un espectroscopio de resonancia magnética nuclear, se obtiene el espectro de resonancia magnética nuclear; se presentan los cuatro picos individuales con un desplazamiento químico Delta de 1H de 2,98 ± (0,02 a 0,05) ppm, 2,93 ± (0,02 a 0,05) ppm, 2,82 ± (0,02 a 0,05) ppm y 2,78 ± (0,02 a 0,05) ppm. Además, la intensidad relativa de los cuatro picos individuales es de 1:1,7:1,7:1. Cuando el margen de error de intensidad relativa no supera el 10 %, se puede determinar si el jarabe de arroz está mezclado con la muestra; de lo contrario, no se mezcla. Este método permite analizar un gran número de muestras en poco tiempo, lo que permite identificar rápidamente si el jarabe de arroz está mezclado con la miel.","LIU YUN
DING TAO
CHEN LEI
WU BIN
ZHANG JIAN
FEI XIAOQING
ZHANG XIAOYAN
ZHANG RUI","YANGZHOU UNIVERSITY
JIANGSU SINOGRAPHY TESTING","(CN107300565)
CN","(CN107300565)
NAME=JIANGSU ENTRY-EXIT INSPECTION & QUARANTINE BUREAU  , COUNTRY=CN",1,77623596,"CN107300565         B  2019-03-19 [CN107300565B]
CN107300565         A  2017-10-27 [CN107300565]",60132542,CN201710747351,2017CN-0747351
UA122392,UA-122392U,U,UA122392            U ,UAU,2018-01-10,Open,https://www.orbit.com/GetPDF?gui=crypt&callingapp=EDOFF&key=VxZZY+PNbiOYpjZ3E7DCwzJ5kEPvOXGPNoC7YXsv59YGnqhCiah71Q5It1SpHY9mwC7dydMAfw4=&n=1,2017-06-02,"(UA122392)
Method of determining hydroxymethylfurfural in honey","(UA122392)
Método de determinación de hidroximetilfurfural en miel","(UA122392)
The method for determining hydroxymethylfurfural in honey includes the preparation of a test culture of Colpoda steinii ciliates, sampling of the product under study, sample preparation and introduction into the test culture of ciliates, thermostating of the resulting mixture at a temperature of +26...+28 °C and determination of the content of the toxic substance in the product, observing according to the vital activity of ciliates during thermostating. The selected sample of honey is diluted with distilled hot water (+70...+80 °C) in a ratio of 1:2, the resulting solution is cooled to room temperature, filtered, 1 cm3 of the filtrate is added to flasks with a culture of Colpoda steinii ciliates and placed in a thermostat. Take out after 10 minutes. and the number of live and dead ciliates is assessed under a microscope. If the decrease in activity and the death of ciliates is 60% or more, it is considered that the content of hydroxymethylfurfural exceeds 25 mg/kg of honey; if the decrease in activity and the death of ciliates is less than 60%, then it is considered that the content of hydroxymethylfurfural does not exceed 25 mg/kg of honey.","(UA122392)
El método para la determinación de hidroximetilfurfural en miel incluye la preparación de un cultivo de prueba de ciliados de Colpoda steinii, la toma de muestras del producto en estudio, la preparación de la muestra y su introducción en el cultivo de prueba de ciliados, la termostatización de la mezcla resultante a una temperatura de +26...+28 °C y la determinación del contenido de la sustancia tóxica en el producto, observando la actividad vital de los ciliados durante la termostatización. La muestra de miel seleccionada se diluye con agua destilada caliente (+70...+80 °C) en una proporción de 1:2, la solución resultante se enfría a temperatura ambiente, se filtra, se añade 1 cm³ del filtrado a matraces con un cultivo de ciliados de Colpoda steinii y se colocan en un termostato. Se retira la muestra después de 10 minutos y se evalúa el número de ciliados vivos y muertos al microscopio. Si la disminución de la actividad y la muerte de ciliados es del 60% o más, se considera que el contenido de hidroximetilfurfural supera los 25 mg/kg de miel; si la disminución de la actividad y la muerte de ciliados es inferior al 60%, entonces se considera que el contenido de hidroximetilfurfural no supera los 25 mg/kg de miel.",,,,,1,85317283,UA122392            U  2018-01-10 [UA-122392U],60956197,UAU201705486U,2017UA-U005486
MY192223,MY-192223,A,MY192223            A ,MYA,2022-08-09,Open,https://www.orbit.com/GetPDF?gui=crypt&callingapp=EDOFF&key=WDfif2NYN98VwxiYNCuWyRX4n5EyVake66kX6Irr/skRMo5gnoYOkRYW4T+2ZJcYUtJZQSfwUD0=&n=1,2017-04-26,"(MY192223)
Reagents and a method for rapid precipitation of biological materials from hydro-based colloids/solutions","(MY192223)
Reactivos y un método para la precipitación rápida de materiales biológicos a partir de coloides/soluciones de base hidrológica.","(MY192223)
The present invention discloses a method for rapid precipitation of biological materials from hydro-based colloids or solutions, in accordance with an illustrative embodiment. The method includes reacting a first reagent and a second reagent in a micro-centrifuge tube. The method further includes adding the aqueous sample in the tube. The reaction of the reagents with the sample forms a solid precipitate and a liquid supernatant. The first reagent and the second reagent detect adulterations in the solutions therein based on the color of the supernatant and the solid precipitate.","(MY192223)
La presente invención describe un método para la precipitación rápida de materiales biológicos a partir de coloides o soluciones de base hidro, de acuerdo con una realización ilustrativa. El método incluye la reacción de un primer reactivo y un segundo reactivo en un tubo de microcentrífuga. El método también incluye la adición de la muestra acuosa al tubo. La reacción de los reactivos con la muestra forma un precipitado sólido y un sobrenadante líquido. El primer reactivo y el segundo reactivo detectan adulteraciones en las soluciones basándose en el color del sobrenadante y del precipitado sólido.","NOR AZFA JOHARI
MOHD RAZIF MAMAT",MALAYSIA GENOME INSTITUTE NATIONAL INSTITUTES OF BIOTECHNOLOGY MALAYSIA,,,1,101466641,MY192223            A  2022-08-09 [MY-192223],82800079,MYPI2017701458,2017MY-0701458
"CN107024434
CN107024434","CN107024434B
CN107024434","B
A","CN107024434         B 
CN107024434         A ","CNB
CNA","2019-06-04
2017-08-08",Open,https://www.orbit.com/GetPDF?gui=crypt&callingapp=EDOFF&key=tO7C931onjmEnStzZKb8kBj8BQAJLzMlbZEW38EL5eDPpKOoVIJxKZH7LO202gZaENAGo/v2rbI=&n=1,2017-03-28,"(CN107024434)
Method for identifying excessive-heat-processing jujube honey","(CN107024434)
Método para identificar la miel de azufaifo procesada por calor excesivo","(CN107024434)
The invention discloses a method for identifying excessively thermally-processed Chinese date honey. The method comprises the following steps: preparing a series of thermally-processed Chinese date honey through experiment; measuring a color value of the thermally-processed Chinese date honey, and content of 5-hydroxymethyl furfural and free amino acid; and identifying excessively thermally-processed Chinese date honey through a clustering analyzing method. The method is reasonable in design, is simple to operate, and is strong in feasibility, and provides a novel method for controlling quality of the Chinese date honey.","(CN107024434)
La invención describe un método para identificar miel de dátil china con un procesamiento térmico excesivo. El método comprende los siguientes pasos: preparar una serie de mieles de dátil chinas con procesamiento térmico mediante un experimento; medir el color de la miel de dátil china con procesamiento térmico y el contenido de 5-hidroximetilfurfural y aminoácidos libres; e identificar la miel de dátil china con un procesamiento térmico excesivo mediante un método de análisis de agrupamiento. El método tiene un diseño razonable, es fácil de usar y presenta una alta viabilidad, y proporciona un método novedoso para controlar la calidad de la miel de dátil china.","CAO WEI
SUN ZHENG
CHENG NI
GAO HUI
ZHANG YING
LÜ HUANMING","NORTHWEST UNIVERSITY
SHAANXI BEE PRODUCT ENGINEERING TECHNOLOGY RESEARCH CENTER","(CN107024434)
CN","(CN107024434)
NAME=NORTHWEST UNIVERSITY  , COUNTRY=CN",1,76926141,"CN107024434         B  2019-06-04 [CN107024434B]
CN107024434         A  2017-08-08 [CN107024434]",59525465,CN201710189698,2017CN-0189698
"CN107449837
CN107449837","CN107449837B
CN107449837","B
A","CN107449837         B 
CN107449837         A ","CNB
CNA","2020-10-30
2017-12-08",Open,https://www.orbit.com/GetPDF?gui=crypt&callingapp=EDOFF&key=tO7C931onjnKHN0T7eZfTBj8BQAJLzMlbZEW38EL5eDPpKOoVIJxKZH7LO202gZaENAGo/v2rbI=&n=1,2017-01-09,"(CN107449837)
Method for identifying honey and syrup by using non-sugar characteristic substances","(CN107449837)
Método para la identificación de miel y jarabe mediante sustancias características no azucaradas","(CN107449837)
The invention provides a method for identifying honey and syrup through a non-sugar characteristic component which can be detected from honey and cannot be detected from syrup. The method is characterized in that the non-sugar characteristic component which can be detected from honey and cannot be detected from adulterated syrup comprises methyl syringate, abscisic acid and kaempferol which can be used for identifying honey and syrup. The method comprises the following steps: 1, preparing about 20 single flower honey and about 10 generally adulterated syrup as the raw materials, and correspondingly preparing honey non-sugar component and syrup non-sugar component through XAD-2 macroporous resin; 2, performing HPLC analysis on the honey non-sugar component and the syrup non-sugar component under the same conditions, and then analyzing and comparing through traditional Chinese medicine chromatographic fingerprint spectrums to obtain the non-sugar characteristic component which can be detected from honey and cannot be detected from adulterated syrup; 3, determining the molecular weight of the non-sugar characteristic component through HPLC-MS/M2S, and comparing on the basis of the HPLC of a standard product and a ultraviolet adsorption spectrum to determine the non-sugar characteristic component which can be detected from honey and cannot be detected from adulterated syrup, so as to identify the honey and the syrup.","(CN107449837)
La invención proporciona un método para identificar miel y jarabe mediante un componente característico no azucarado, detectable en la miel pero no en el jarabe. El método se caracteriza porque el componente característico no azucarado, detectable en la miel pero no en el jarabe adulterado, comprende siringato de metilo, ácido abscísico y kaempferol, que se utilizan para la identificación de miel y jarabe. El método comprende los siguientes pasos: 1. Preparación de aproximadamente 20 mieles de una sola flor y aproximadamente 10 jarabes adulterados como materias primas, y preparación correspondiente de los componentes no azucarados de la miel y del jarabe mediante resina macroporosa XAD-2; 2. Análisis por HPLC de los componentes no azucarados de la miel y del jarabe en las mismas condiciones, y posterior análisis y comparación mediante espectros de huellas cromatográficas de la medicina tradicional china para obtener el componente característico no azucarado, detectable en la miel pero no en el jarabe adulterado. 3, determinar el peso molecular del componente característico no azúcar a través de HPLC-MS/M2S, y comparar sobre la base de la HPLC de un producto estándar y un espectro de adsorción ultravioleta para determinar el componente característico no azúcar que se puede detectar en la miel y no se puede detectar en el jarabe adulterado, a fin de identificar la miel y el jarabe.","REN HONG
WANG DANDAN
FAN JIAHUI
GAO HAN",BEIJING TECHNOLOGY & BUSINESS UNIVERSITY,"(CN107449837)
CN","(CN107449837)
NAME=BEIJING TECHNOLOGY & BUSINESS UNIVERSITY  , COUNTRY=CN",1,78009624,"CN107449837         B  2020-10-30 [CN107449837B]
CN107449837         A  2017-12-08 [CN107449837]",60486203,CN201710012549,2017CN-0012549
"CA2950812
VN0032234
MX386538
BR112016028476
BR112016028476
UA122392
PL3152196
EA035041
EP3152196
IL249367
US10450279
JP6529521
AU2015270428
ZA201700019
IN201627042930
BR112016028476
CL2016003145
JP2017519747
CO2017000064
CR20160602
US20170158646
EA201692526
VN51744
EP3152196
MX2016016143
CN106536530
IL249367
KR10-2017-0013995
AU2015270428
BR112016028476
AR100743
CA2950812
WO2015/185708","CA2950812
VN--32234B
MX-386538
BR112016028476
BR112016028476
UA-122392
PL3152196
EA--35041
EP3152196
IL-249367
US10450279
JP6529521
AU2015270428
ZA201700019
IN201627042930
BR112016028476
CL201603145
JP2017519747
CO2017000064
CR201600602
US20170158646
EA201692526
VN--51744
EP3152196
MX2016016143
CN106536530
IL-249367
KR20170013995
AU2015270428
BR112016028476
AR-100743
CA2950812
WO2015185708","C
B
B
B1
A8
C2
T3
B1
B1
B
B2
B2
B2
B
A
A2
A1
A
A2
A
A1
A1
A
A1
A
A
A
A
A1
A0
A1
A1
A1","CA2950812           C 
VN0032234           B 
MX386538            B 
BR112016028476      B1 
BR112016028476      A8 
UA122392            C2 
PL3152196           T3 
EA035041            B1 
EP3152196           B1 
IL249367            B 
US10450279          B2 
JP6529521           B2 
AU2015270428        B2 
ZA201700019         B 
IN201627042930      A 
BR112016028476      A2 
CL2016003145        A1 
JP2017519747        A 
CO2017000064        A2 
CR20160602          A 
US20170158646       A1 
EA201692526         A1 
VN51744             A 
EP3152196           A1 
MX2016016143        A 
CN106536530         A 
IL249367            A 
KR10-2017-0013995   A 
AU2015270428        A1 
BR112016028476      A0 
AR100743            A1 
CA2950812           A1 
WO2015/185708       A1 ","CAC
VNB
MXB
BRB1
BRA8
UAC2
PLT3
EAB1
EPB1
ILB
USB2
JPB2
AUB2
ZAB
INA
BRA2
CLA1
JPA
COA2
CRA
USA1
EAA1
VNA
EPA1
MXA
CNA
ILA
KRA
AUA1
BRA0
ARA1
CAA1
WOA1","2023-10-24
2022-06-27
2021-09-23
2021-06-22
2021-03-23
2020-11-10
2020-10-19
2020-04-21
2020-03-18
2019-11-28
2019-10-22
2019-06-12
2019-02-28
2018-11-28
2017-09-08
2017-08-22
2017-08-18
2017-07-20
2017-06-20
2017-06-13
2017-06-08
2017-05-31
2017-04-25
2017-04-12
2017-03-28
2017-03-22
2017-02-28
2017-02-07
2016-12-22
2016-12-20
2016-10-26
2015-12-10
2015-12-10",Open,https://www.orbit.com/GetPDF?gui=crypt&callingapp=EDOFF&key=mswdBCXrAKbyLAhoAbDOD2kyFX8ClgOuNoC7YXsv59YGnqhCiah71Q5It1SpHY9mwC7dydMAfw4=&n=1,2014-06-06,"(MX386538)
Compuestos de [1,2,4]triazol sustituido.","(MX386538)
Compuestos de [1,2,4]triazol sustituido.","(MX386538)
Compuestos de la Fórmula I (ver Fórmula) en donde las variables se definen en la descripción y en las reivindicaciones, a su preparación y a sus usos.","(MX386538)
Compuestos de la Fórmula I (ver Fórmula) en donde las variables se definen en la descripción y en las reivindicaciones, a su preparación y a sus usos.","GRAMMENOS WASSILIOS
BOUDET NADEGE
MUELLER BERND
ESCRIBANO CUESTA ANA
LOHMANN JAN KLAAS
GROTE THOMAS
CRAIG IAN ROBERT
FEHR MARCUS
QUINTERO PALOMAR MARIA ANGELICA
LAUTERWASSER ERICA MAY WILSON
KRETSCHMER MANUEL",BASF,"
(WO2015/185708)
DE","(CL2016003145)
NAME=BASF SE 67056 LUDWIGSHAFEN
(WO2015/185708)
NAME=BASF SE 67056 Ludwigshafen , COUNTRY=DE",21,71612568,"CL2016003145        A1 2017-08-18 [CL201603145]
WO2015/185708       A1 2015-12-10 [WO2015185708]
CO2017000064        A2 2017-06-20 [CO2017000064]
ZA201700019         B  2018-11-28 [ZA201700019]
IN201627042930      A  2017-09-08 [IN201627042930]
CA2950812           C  2023-10-24 [CA2950812]
CA2950812           A1 2015-12-10 [CA2950812]
VN0032234           B  2022-06-27 [VN--32234B]
VN51744             A  2017-04-25 [VN--51744]
MX386538            B  2021-09-23 [MX-386538]
MX2016016143        A  2017-03-28 [MX2016016143]
BR112016028476      B1 2021-06-22 [BR112016028476]
BR112016028476      A8 2021-03-23 [BR112016028476]
BR112016028476      A2 2017-08-22 [BR112016028476]
BR112016028476      A0 2016-12-20 [BR112016028476]
UA122392            C2 2020-11-10 [UA-122392]
EP3152196           B1 2020-03-18 [EP3152196]
EP3152196           A1 2017-04-12 [EP3152196]
PL3152196           T3 2020-10-19 [PL3152196]
EA035041            B1 2020-04-21 [EA--35041]
EA201692526         A1 2017-05-31 [EA201692526]
IL249367            B  2019-11-28 [IL-249367]
IL249367            A  2017-02-28 [IL-249367]
US10450279          B2 2019-10-22 [US10450279]
US20170158646       A1 2017-06-08 [US20170158646]
JP6529521           B2 2019-06-12 [JP6529521]
JP2017519747        A  2017-07-20 [JP2017519747]
AU2015270428        B2 2019-02-28 [AU2015270428]
AU2015270428        A1 2016-12-22 [AU2015270428]
CR20160602          A  2017-06-13 [CR201600602]
CN106536530         A  2017-03-22 [CN106536530]
KR10-2017-0013995   A  2017-02-07 [KR20170013995]
AR100743            A1 2016-10-26 [AR-100743]","50884296
50884296
50884296
50884296
50884296
50884296
50884296
50884296
50884296
50884296
50884296
50884296
50884296
50884296
50884296
50884296
50884296
50884296
50884296","CL2016003145
WOEP2015/062534
CO2017000064
ZA201700019
IN201627042930
CA2950812
VN1201604775
MX2016016143
BR112016028476
UAA201700046
EP15725391
PL15725391T
EA201692526
IL249367
US15/316,418
JP2016571343
AU2015270428
CR20160602
CN201580041856
KR10-2017-7000357
ARP150101786","2016CL-0003145
2015WO-EP62534
2017CO-0000064
2017ZA-0000019
2016IN-27042930
2015CA-2950812
2016VN-1004775
2016MX-0016143
2016BR-0028476
2017UA-0000046
2015EP-0725391
2015PL-0725391
2016EA-0092526
2016IL-0249367
2015US-15316418
2016JP-0571343
2015AU-0270428
2015CR-0160602
2015CN-80041856
2017KR-7000357
2015AR-0101786"
"BR102016011355
BR102016011355","BR102016011355
BR102016011355","A2
A0","BR102016011355      A2 
BR102016011355      A0 ","BRA2
BRA0","2017-11-28
2017-09-26",Open,https://www.orbit.com/GetPDF?gui=crypt&callingapp=EDOFF&key=lhz54eLswzm7MxQxAj+t+y3cP7IVdT33mxsf0sXoXi1mEGd2oFfDlP+NrlpU3XbqZYZ4gCZEgig=&n=1,2016-05-13,"(BR102016011355)
automated process for recording hmf (hydroxymethylfurfural) analyses and converting data to parameterized concepts of honey quality control","(BR102016011355)
Proceso automatizado para el registro de análisis de HMF (hidroximetilfurfural) y la conversión de datos a conceptos parametrizados de control de calidad de la miel.","(BR102016011355)
the present invention is in the field of processes from computer systems to automate the recording of the results of the analyses of hmf (hydroxymethylfurfural) values of honey and the conversion of the data to parameterized concepts of quality control, typically but not only in the field of apiculture and possibly used in industries that use honey as a complementary input of food and drug-products.More particularly, it is characterized by a system for recording laboratory analysis data of honey, shipped in documentation equipment; processing and monitoring of mel.More specifically, the invention performs the functionality of recording laboratory analysis results as input to the system and processes them to issue qualitative notifications in terms of ""ideal"" terms, ""acceptable"", or ""unacceptable"", to parameterize indicative of quality control of the mel.In addition to composing big data, for predictive analyses of said component change over time or logistical constraints of storing and transporting said product.","(BR102016011355)
La presente invención se enmarca en el campo de los procesos de sistemas informáticos para automatizar el registro de los resultados de los análisis de los valores de HMF (hidroximetilfurfural) en miel y la conversión de los datos a conceptos parametrizados de control de calidad. Este proceso se utiliza típicamente, pero no exclusivamente, en el campo de la apicultura y posiblemente en industrias que utilizan la miel como insumo complementario para productos alimenticios y farmacéuticos. En particular, se caracteriza por un sistema para el registro de datos de análisis de laboratorio de miel, transportados en equipos de documentación, así como para el procesamiento y monitoreo de la miel. Más específicamente, la invención realiza la función de registrar los resultados de los análisis de laboratorio como entrada al sistema y procesarlos para emitir notificaciones cualitativas en términos de ""ideal"", ""aceptable"" o ""inaceptable"", para parametrizar el control de calidad de la miel. Además, permite la creación de big data para análisis predictivos de la evolución de dichos componentes a lo largo del tiempo o de las limitaciones logísticas de almacenamiento y transporte de dicho producto.","CRISTINA MARIA ASSIS LOPES TAVARES DA MATA HERMIDA QUINTELLA
MARCUS VINÍCIUS DANTAS LINHARES",INSTITUTE FEDERAL DE EDUCACAO CIENCIA E TECNOLOGIA DO PIAUI,"(BR102016011355)
BR
(BR102016011355)
BR","(BR102016011355)
NAME=INSTITUTO FEDERAL DE EDUCAÇÃO CIÊNCIA E TECNOLOGIA DO PIAUÍ  , COUNTRY=BR
(BR102016011355)
NAME=INSTITUTO FEDERAL DE EDUCAÇÃO CIÊNCIA E TECNOLOGIA DO PIAUÍ  , COUNTRY=BR",1,77924014,"BR102016011355      A2 2017-11-28 [BR102016011355]
BR102016011355      A0 2017-09-26 [BR102016011355]",62530065,BR102016011355,2016BR-0011355
CN105548030,CN105548030,A,CN105548030         A ,CNA,2016-05-04,Open,https://www.orbit.com/GetPDF?gui=crypt&callingapp=EDOFF&key=tO7C931onjktylJy3esBwFfn1HwLNiulWeUrB63Jy+sSjghI9dFY0RSxqatNNE9zVWL5msPEi/s=&n=1,2015-12-17,"(CN105548030)
Naoxinshu oral liquid quality control model building method and use","(CN105548030)
Método y aplicación del modelo de control de calidad de líquidos orales de Naoxinshu","(CN105548030)
The invention provides a Naoxinshu oral liquid quality control model building method and use. The method comprises 1, qualified sample preparation: taking honey, heating the honey, filtering the honey, cooling the filtered honey, mixing the filtered honey, royal jelly and an Amillariella mellea concentrate to obtain a total mixed solution, 2, qualified sample determination: respectively carrying out near-infrared spectrum, character, identification and inspection detection on the qualified sample according to the drug standards to obtain related data, 3, failed sample preparation and determination: preparing failed samples through processes except addition of more water, no filtration and adjustment of pH to 4-5 and carrying out near-infrared spectrum, character, identification and inspection detection through the step 2 to obtain related data, and 4, model building: building a chemometrics software model through use of near-infrared spectrum, character, identification and inspection detection data of the qualified samples as 1 and use of near-infrared spectrum, character, identification and inspection detection data of the failed samples as 0.","(CN105548030)
La invención proporciona un método de construcción de un modelo de control de calidad de líquidos orales de Naoxinshu y su uso. El método comprende 1, preparación de muestra calificada: tomar miel, calentar la miel, filtrar la miel, enfriar la miel filtrada, mezclar la miel filtrada, jalea real y un concentrado de Amillariella mellea para obtener una solución mixta total, 2, determinación de muestra calificada: llevar a cabo respectivamente el espectro infrarrojo cercano, el carácter, la identificación y la detección de inspección en la muestra calificada de acuerdo con los estándares del fármaco para obtener datos relacionados, 3, preparación y determinación de muestra fallida: preparar muestras fallidas mediante procesos excepto la adición de más agua, sin filtración y ajuste de pH a 4-5 y llevar a cabo el espectro infrarrojo cercano, el carácter, la identificación y la detección de inspección a través del paso 2 para obtener datos relacionados, y 4, construcción de modelos: construcción de un modelo de software de quimiometría mediante el uso de datos de espectro infrarrojo cercano, carácter, identificación y detección de inspección de las muestras calificadas como 1 y el uso de datos de espectro infrarrojo cercano, carácter, identificación y detección de inspección de las muestras fallidas como 0.","ZHOU MEIJUAN
TAN JINPING
DUAN LONGQIANG
GENG ZHAO","JIANGXI HUIREN PHARMACEUTICAL
SHANGHAI ZHONGCHUANG PHARMACEUTICAL TECHNOLOGY",,,1,72831808,CN105548030         A  2016-05-04 [CN105548030],55827371,CN201510945306,2015CN-0945306
CN105044230,CN105044230,A,CN105044230         A ,CNA,2015-11-11,Open,https://www.orbit.com/GetPDF?gui=crypt&callingapp=EDOFF&key=tO7C931onjlSM8R5AWyMTlfn1HwLNiulWeUrB63Jy+sSjghI9dFY0RSxqatNNE9zVWL5msPEi/s=&n=1,2015-06-30,"(CN105044230)
Method for identifying linden honey, vicia villosa Roth honey and rape honey","(CN105044230)
Método para la identificación de miel de tilo, miel de Vicia villosa Roth y miel de colza","(CN105044230)
The invention discloses a method for effectively identifying linden honey, vicia villosa Roth honey and rope honey. The method comprises the following steps: firstly extracting a phenolic compound from honey samples by using XAD-2 type resin, carrying out HPLC-ECD (High Performance Liquid Chromatography-Electrochemical Detector) analysis, establishing HPLC-ECD fingerprint spectrums of the linden honey sample, the vicia villosa Roth honey sample and the rape honey sample by using obtained HPLC-ECD spectrum data, and analyzing the fingerprint spectrums of the linden honey sample, the vicia villosa Roth honey sample and the rape honey sample to obtain a large amount of common peak information; carrying out analysis and comparison on the common peak information, then picking out 17 common peaks in total as characteristic common peaks, and classifying the three kinds of honeys by combining a chemometrics method. The method disclosed by the invention is reasonable in design; selected analysis instruments are high in sensitivity, good in separation effect and high in feasibility; an important technical problem in quality control of the linden honey and the vicia villosa Roth honey is solved.","(CN105044230)
La invención describe un método para la identificación eficaz de miel de tilo, miel de Vicia villosa Roth y miel de cuerda. El método comprende los siguientes pasos: primero, extraer un compuesto fenólico de muestras de miel mediante resina XAD-2; luego, realizar un análisis por HPLC-ECD (cromatografía líquida de alta resolución con detector electroquímico); establecer los espectros de huella de HPLC-ECD de las muestras de miel de tilo, miel de Vicia villosa Roth y miel de colza utilizando los datos obtenidos; y analizar los espectros de huella de las muestras de miel de tilo, miel de Vicia villosa Roth y miel de colza para obtener una gran cantidad de información de picos comunes; luego, analizar y comparar la información de picos comunes; luego, seleccionar 17 picos comunes en total como picos comunes característicos; y clasificar los tres tipos de miel mediante la combinación de un método quimiométrico. El método descrito por la invención tiene un diseño razonable. Los instrumentos de análisis seleccionados tienen una alta sensibilidad, un buen efecto de separación y una alta viabilidad; se resuelve un problema técnico importante en el control de calidad de la miel de tilo y la miel de Vicia villosa Roth.","ZHAO JING
CAO WEI
CHENG NI
LÜ XINGANG",NORTHWEST UNIVERSITY,,,1,71317536,CN105044230         A  2015-11-11 [CN105044230],54450939,CN201510372397,2015CN-0372397
"CN104360012
CN104360012","CN104360012B
CN104360012","B
A","CN104360012         B 
CN104360012         A ","CNB
CNA","2016-01-13
2015-02-18",Open,https://www.orbit.com/GetPDF?gui=crypt&callingapp=EDOFF&key=tO7C931onjl3RfY2vNmtQBj8BQAJLzMlbZEW38EL5eDPpKOoVIJxKZH7LO202gZaENAGo/v2rbI=&n=1,2014-12-04,"(CN104360012)
Kit for simultaneously and rapidly determining contents of glucose, fructose and total sugar and application thereof","(CN104360012)
Kit para la determinación simultánea y rápida de los contenidos de glucosa, fructosa y azúcares totales y su aplicación.","(CN104360012)
The invention discloses a kit for simultaneously and rapidly measuring content of glucose, fructose and total sugar and an application method of the kit. The kit is developed based on a principle that carbohydrates are dehydrated to generate hydroxymethyl furfural under the acid action and the hydroxymethyl furfural and a developing agent are condensed to form a colored compound. The kit comprises four reagents, wherein the reagent I refers to a mixed standard substance of glucose, fructose and cane sugar; the reagent II refers to an ortho-toluidine reagent and is used for measuring the content of glucose; the reagent III refers to a resorcinol reagent and is used for measuring the content of fructose; and the reagent IV refers to a phenol reagent and is used for measuring the content of total sugar. The kit is used for simultaneously measuring the content of glucose, fructose and total sugar, has the characteristics of high specificity and high sensitivity, can realize high-flux and rapid detection of the glucose, fructose and total sugar, is large in sample treatment amount and relatively low in cost, is suitable for measuring the content of glucose, fructose and total sugar in honey, fruits and vegetables and other samples and is particularly suitable for large-scale field sample analysis.","(CN104360012)
La invención describe un kit para la medición simultánea y rápida del contenido de glucosa, fructosa y azúcar total, así como su método de aplicación. El kit se basa en el principio de que los carbohidratos se deshidratan para generar hidroximetilfurfural bajo la acción ácida, y el hidroximetilfurfural y un agente revelador se condensan para formar un compuesto coloreado. El kit consta de cuatro reactivos: el reactivo I es una sustancia patrón mixta de glucosa, fructosa y azúcar de caña; el reactivo II es un reactivo de orto-toluidina para medir el contenido de glucosa; el reactivo III es un reactivo de resorcinol para medir el contenido de fructosa; y el reactivo IV es un reactivo de fenol para medir el contenido de azúcar total. El kit se utiliza para medir simultáneamente el contenido de glucosa, fructosa y azúcar total, tiene las características de alta especificidad y alta sensibilidad, puede realizar una detección rápida y de alto flujo de la glucosa, fructosa y azúcar total, es grande en cantidad de tratamiento de muestra y relativamente bajo en costo, es adecuado para medir el contenido de glucosa, fructosa y azúcar total en miel, frutas y verduras y otras muestras y es particularmente adecuado para análisis de muestras de campo a gran escala.","SHI PEIYING
YAO HONG
MOU XIAOQING",FUJIAN AGRICULTURE & FORESTRY UNIVERSITY,,,1,68612634,"CN104360012         B  2016-01-13 [CN104360012B]
CN104360012         A  2015-02-18 [CN104360012]",52527293,CN201410725916,2014CN-0725916
CN104359901,CN104359901,A,CN104359901         A ,CNA,2015-02-18,Open,https://www.orbit.com/GetPDF?gui=crypt&callingapp=EDOFF&key=tO7C931onjn2k0iEumBtUlfn1HwLNiulWeUrB63Jy+sSjghI9dFY0RSxqatNNE9zVWL5msPEi/s=&n=1,2014-11-07,"(CN104359901)
Rapid detecting method for hydroxymethyl furfural in honey","(CN104359901)
Método de detección rápida de hidroximetilfurfural en miel","(CN104359901)
The invention discloses a rapid detecting method for hydroxymethyl furfural (HMF) in honey. The rapid detecting method comprises the following steps: (1) preparing a sample, namely accurately weighing and adding 7.5g of honey sample into a small beaker, adding 10mL of distilled water, uniformly mixing the distilled water and the honey sample by a glass rod to obtain a mixture, transferring the mixture to a 25mL volumetric flask, adding distilled water to make up to volume, and uniformly shaking; (2) developing color, namely taking and adding 1.00ml of a to-be-detected sample into a graduated test tube with a stopper, then, adding 3mL of mixed solution into the test tube, and developing color for 5 minutes after uniformly mixing; (3) detecting, namely comparing the color of a developed solution with a color chart to determine the content of HMF. The rapid detecting method for hydroxymethyl furfural in honey disclosed by the invention has characteristics of a simple used reagent, no complex condition and apparatus equipment, simplicity and convenience in operation and rapidness.","(CN104359901)
La invención describe un método rápido de detección de hidroximetilfurfural (HMF) en miel. Este método comprende los siguientes pasos: (1) preparar una muestra, es decir, pesar con precisión y añadir 7,5 g de muestra de miel a un vaso de precipitados pequeño, añadir 10 ml de agua destilada, mezclar uniformemente el agua destilada y la muestra de miel con una varilla de vidrio para obtener una mezcla, transferir la mezcla a un matraz aforado de 25 ml, añadir agua destilada para completar el volumen y agitar uniformemente; (2) desarrollar el color, es decir, tomar 1,00 ml de la muestra a detectar y añadirla a un tubo de ensayo graduado con tapón, añadir 3 ml de la solución mezclada al tubo de ensayo y desarrollar el color durante 5 minutos después de mezclar uniformemente; (3) detectar, es decir, comparar el color de la solución desarrollada con una carta de colores para determinar el contenido de HMF. El método de detección rápida de hidroximetilfurfural en la miel divulgado por la invención tiene características de un reactivo de uso sencillo, sin condiciones complejas ni equipos de aparatos, simplicidad y conveniencia en la operación y rapidez.","ZHANG JINBIAO
ZHANG SUPING
ZHOU BIQING",FUJIAN AGRICULTURE & FORESTRY UNIVERSITY,,,1,68620853,CN104359901         A  2015-02-18 [CN104359901],52527183,CN201410619157,2014CN-0619157
CN105572237,CN105572237,A,CN105572237         A ,CNA,2016-05-11,Open,https://www.orbit.com/GetPDF?gui=crypt&callingapp=EDOFF&key=tO7C931onjlOSSNdIww/7Ffn1HwLNiulWeUrB63Jy+sSjghI9dFY0RSxqatNNE9zVWL5msPEi/s=&n=1,2014-10-11,"(CN105572237)
High performance liquid chromatographic method for rapid quantitative assessment of honey quality","(CN105572237)
Método de cromatografía líquida de alta resolución para la evaluación cuantitativa rápida de la calidad de la miel.","(CN105572237)
The invention discloses a high performance liquid chromatographic method for rapid quantitative assessment of honey quality. According to the method, 10 to 20 parts of a representative honey sample is collected, and a proper amount of the sample is weighed and pre-treated by using pure acetonitrile for high performance liquid chromatographic detection; a special analytical column for sugar is used as a chromatographic column, and acetonitrile-water (75: 25) is used as a mobile phase; a differential refraction detector is used for detection, an external standard method is used for quantification, and the contents of glucose, fructose and cane sugar are calculated. The method provided by the invention employs high performance liquid chromatography and the special analytical column for sugar to successively separate glucose, fructose and cane sugar in honey, acetonitrile-water (75: 25) is used as the mobile phase, and chromatographic separation is finished in about 15 min; the method has good separation effect, high determination repeatability, detection sensitivity and a recovery rate of 97.0 to 98.9% and is easy in pretreatment and operation; acetonitrile and water are used as solvents and acetonitrile and water can be recycled and are free of pollution, so clean production is realized; and the method protects the interests of consumers and is of guiding significance to production of honey production enterprises.","(CN105572237)
La invención describe un método de cromatografía líquida de alta resolución para la evaluación cuantitativa rápida de la calidad de la miel. Según este método, se recolectan de 10 a 20 partes de una muestra representativa de miel, se pesa una cantidad adecuada y se pretrata con acetonitrilo puro para la detección por cromatografía líquida de alta resolución. Se utiliza una columna analítica especial para azúcar como columna cromatográfica, y acetonitrilo-agua (75:25) como fase móvil. Se utiliza un detector de refracción diferencial para la detección, un método de patrón externo para la cuantificación y se calcula el contenido de glucosa, fructosa y azúcar de caña. El método de la invención emplea cromatografía líquida de alta resolución y la columna analítica especial para azúcar para separar sucesivamente la glucosa, la fructosa y el azúcar de caña en la miel. Se utiliza acetonitrilo-agua (75:25) como fase móvil, y la separación cromatográfica se completa en aproximadamente 15 minutos. El método tiene un buen efecto de separación, alta repetibilidad de determinación, sensibilidad de detección y una tasa de recuperación de 97,0 a 98,9% y es fácil en el pretratamiento y la operación; el acetonitrilo y el agua se utilizan como solventes y el acetonitrilo y el agua se pueden reciclar y están libres de contaminación, por lo que se logra una producción limpia; y el método protege los intereses de los consumidores y es de importancia orientadora para la producción de empresas de producción de miel.",HAN XUE,TIANJIN ZHONGFA BEE INDUSTRY TECHNOLOGY DEVELOPMENT,,,1,72964058,CN105572237         A  2016-05-11 [CN105572237],55882605,CN201410535926,2014CN-0535926
"CN101874882
CN101874882","CN101874882B
CN101874882","B
A","CN101874882         B 
CN101874882         A ","CNB
CNA","2012-02-22
2010-11-03",Open,https://www.orbit.com/GetPDF?gui=crypt&callingapp=EDOFF&key=tO7C931onjnV9nqcjqibdxj8BQAJLzMlbZEW38EL5eDPpKOoVIJxKZH7LO202gZaENAGo/v2rbI=&n=1,2010-06-21,"(CN101874882)
Strong loquat leaf extract (blended with honey) and preparation method thereof","(CN101874882)
Extracto de hoja de níspero (mezclado con miel) y método de preparación.","(CN101874882)
The invention discloses strong loquat leaf extract (blended with honey) and a preparation method thereof. The formula of the strong loquat leaf extract comprises loquat leaves, poppy capsules, sessile stemona root, cynanchum glaucescens, white mulberry root-bark, platycodon root, menthol crystal, honey (blending honey), cerealose as well as a small amount of citric acid, essence and sodium benzoate, wherein the small amount of citric acid, essence and sodium benzoate are used for improving mouthfeel and preventing corrosion. The invention aims to provide strong loquat leaf extract, which is stable and guaranteed in quality, convenient to take and fragrant, offers a good mouthfeel, can be absorbed by body quickly and has good effects of nourishing the lung, astringing the lung, relieving cough and eliminating phlegm. The strong loquat leaf extract is prepared by using blending honey instead of cane sugar and therefore can prevent the oxidative deterioration of active ingredients and strengthen lung-nourishing effect at the same time. In the invention, a study and regulation on quality control method are performed.","(CN101874882)
La invención describe un extracto de hoja de níspero (mezclado con miel) y su método de preparación. La fórmula del extracto de hoja de níspero contiene hojas de níspero, cápsulas de amapola, raíz de stemona sésil, Cynanchum glaucescens, corteza de raíz de morera blanca, raíz de platycodon, cristales de mentol, miel (miel de mezcla), cerealosa, así como una pequeña cantidad de ácido cítrico, esencia y benzoato de sodio. Estas pequeñas cantidades se utilizan para mejorar la sensación en boca y prevenir la corrosión. La invención tiene como objetivo proporcionar un extracto de hoja de níspero, estable y de calidad garantizada, fácil de tomar y aromático, con una buena sensación en boca, de rápida absorción y con buenos efectos para nutrir y astringir los pulmones, aliviar la tos y eliminar la flema. El potente extracto de hoja de níspero se prepara mezclando miel en lugar de azúcar de caña, lo que previene el deterioro oxidativo de los ingredientes activos y, al mismo tiempo, potencia su efecto nutritivo pulmonar. En la invención, se lleva a cabo un estudio y una regulación del método de control de calidad.","PAN CANGUANG
TANG RONG
XIONG JIHUA
HUANG GANG",JIANGXI TENGWANGGE PHARMACEUTICAL INDUSTRY,,,1,7143344,"CN101874882         B  2012-02-22 [CN101874882B]
CN101874882         A  2010-11-03 [CN101874882]",43017628,CN201010217498,2010CN-0217498
IN1411/MUM/2009,IN2009MU01411,A,IN1411/MUM/2009     A ,INA,2010-12-17,Open,https://www.orbit.com/GetPDF?gui=crypt&callingapp=EDOFF&key=/WizbbSQlgvIMeMyTfj7OpByHje3bCdrkaV0SMUACwOCCKReMmHu7NT9OH2oXnYKuMy6J9Qfvqg=&n=1,2009-06-11,"(IN1411/MUM/2009)
Improvement towards quality detection system for Indian honey using gas sensor","(IN1411/MUM/2009)
Mejora del sistema de detección de calidad de la miel india mediante un sensor de gas","(IN1411/MUM/2009)
HMF is dominant volatile organic compound in honey mainly imparts quality detection.According to Bureau of Indian Standards and International commission of honey, value of HMF should be limited to 80 mg/kg.Analytical methods such as spectrophotometer and chromatography are used for HMF detection which suffers from lack of portability, expertise analysis, expensive and time consuming and limited for off line application.System is designed by TGS 822(Figaro, Japan) with embedded controller associated with simple sample injection system.An algorithm is developed so as to display HMF in honey in terms of voltage response.A well laid down procedure is adapted for heating, injection and monitoring of response.Alphanumeric LCD display with two rows is used to determine HMF quantity.An improvement is achieved by low cost, portability and affordability.Thus, this improvement is an achievement towards true technology transfer to grass root level of society.","(IN1411/MUM/2009)
El HMF es un compuesto orgánico volátil predominante en la miel, que proporciona principalmente una detección de calidad. Según la Oficina de Normas de la India y la Comisión Internacional de la Miel, el valor de HMF debe limitarse a 80 mg/kg. Para la detección de HMF se utilizan métodos analíticos como la espectrofotómetro y la cromatografía, que presentan dificultades para su portabilidad, análisis especializado, son costosos y requieren mucho tiempo, y su aplicación fuera de línea es limitada. El sistema está diseñado por TGS 822 (Figaro, Japón) con un controlador integrado asociado a un sistema simple de inyección de muestra. Se ha desarrollado un algoritmo para visualizar el HMF en la miel en términos de respuesta de voltaje. Se ha adaptado un procedimiento bien establecido para el calentamiento, la inyección y el monitoreo de la respuesta. Se utiliza una pantalla LCD alfanumérica de dos filas para determinar la cantidad de HMF. Se logra una mejora gracias a su bajo costo, portabilidad y asequibilidad. Por lo tanto, esta mejora representa un logro hacia la verdadera transferencia de tecnología a la base de la sociedad.",Prashant Mrs Mudhalwadkar Rohini,"(IN1411/MUM/2009)
Mrs Mudhalwadkar Rohini Prashant","(IN1411/MUM/2009)
IN","(IN1411/MUM/2009)
NAME=Mrs Mudhalwadkar Rohini Prashant FL. NO. 4 24/11 GANESH DARSHAN HOUSING SOCIETY SHIVAJI NAGAR PUNE 411005 , COUNTRY=IN",1,66676011,IN1411/MUM/2009     A  2010-12-17 [IN2009MU01411],,IN1411/MUM/2009,2009IN-MU01411
"CN101377482
CN101377482","CN101377482B
CN101377482","B
A","CN101377482         B 
CN101377482         A ","CNB
CNA","2012-04-25
2009-03-04",Open,https://www.orbit.com/GetPDF?gui=crypt&callingapp=EDOFF&key=tO7C931onjn0XqDZagnGjRj8BQAJLzMlbZEW38EL5eDPpKOoVIJxKZH7LO202gZaENAGo/v2rbI=&n=1,2007-08-27,"(CN101377482)
Quality control method of Fengdima eye drops","(CN101377482)
Método de control de calidad de las gotas oftálmicas Fengdima","(CN101377482)
The invention discloses a quality control method for Fengdima eye drops, which belongs to the pharmaceutical field. The quality control method for the Fengdima eye drops comprises: characteristic differentiation, pH value check and quantitative determination. The invention has the advantages: the emulsification phenomenon caused by honeys is overcome without influencing color development of an identified substance; the quantification can be accurately carried out, and the contents of two main components can be determined at the same time; in the determination, a gradient elution method is used, the substance to be determined can be completely separated, as well as the determination time is shortened, and a mobile phase is saved; the invention is convenient to operate and has favorable reproducibility.","(CN101377482)
La invención describe un método de control de calidad para las gotas oftálmicas Fengdima, perteneciente al sector farmacéutico. Este método comprende: diferenciación de características, comprobación del valor de pH y determinación cuantitativa. La invención presenta las siguientes ventajas: se evita el fenómeno de emulsificación causado por la miel sin afectar el desarrollo del color de la sustancia identificada; la cuantificación se puede realizar con precisión y el contenido de dos componentes principales se puede determinar simultáneamente; en la determinación, se utiliza un método de elución en gradiente, lo que permite separar completamente la sustancia a determinar, acorta el tiempo de determinación y ahorra fase móvil; la invención es fácil de usar y presenta una reproducibilidad favorable.","SUN YAN
GUO DAIHONG
LUAN FUXIN
LIU GUIYANG
WAN KUN
JIN SHOUDONG",PLA GENERAL HOSPITAL,"(CN101377482)
CN","(CN101377482)
NAME=THE GENERAL HOSPITAL OF PLA  , COUNTRY=CN",1,6676177,"CN101377482         B  2012-04-25 [CN101377482B]
CN101377482         A  2009-03-04 [CN101377482]",40421127,CN200710120839,2007CN-0120839
"PT103757
PT103757","PT-103757
PT-103757","B
A","PT103757            B 
PT103757            A ","PTB
PTA","2009-06-04
2008-12-05",Open,https://www.orbit.com/GetPDF?gui=crypt&callingapp=EDOFF&key=cYFe5a+sGxYicfKk8YybQBSD15Cy+Wd/66kX6Irr/skRMo5gnoYOkRYW4T+2ZJcYUtJZQSfwUD0=&n=1,2007-06-05,"(PT103757)
Process for the analysis, separation and identification of biologically relevant sugars, monosaccharides: their enanteromers, anomers and structural isomers.","(PT103757)
Proceso para el análisis, separación e identificación de azúcares y monosacáridos biológicamente relevantes: sus enanterómeros, anómeros e isómeros estructurales.","(PT103757)
THE PRESENT INVENTION RELATES TO AN ANALYSIS, SEPARATION AND IDENTIFICATION PROCESS, WHICH ALLOWS THE IDENTIFICATION OF ENANTEOMERS D AND L FROM MONOSACCHARIDE SUGARS AND, SIMULTANEOUSLY, THE SEPARATION AND IDENTIFICATION OF THEIR ANOMERS (CX AND II), ALSO ALLOWING THE SEPARATION AND IDENTIFICATION OF STRUCTURAL ISOMERS. THE PRESENT INVENTION DESCRIBES THE CHIRAL CHROMATOGRAPHIC SEPARATION OF MONOSACCHARIDES USING HIGH PERFORMANCE LIQUID CHROMATOGRAPHY (HPLC) AS METHODOLOGY, WHICH ALLOWS THE IDENTIFICATION OF SUGARS, THE SIMULTANEOUS DETERMINATION OF THEIR ABSOLUTE CONFIGURATION AND CONFIGURATION OF THE MONOSACCHARIDE ANOMERIC CENTER. THE INVENTION PROVIDES THE USE OF THE PROCESS IN DIFFERENT FOOD MATRICES AND IN HUMAN (ANIMAL) HEALTH, REGARDING NUTRITIONAL CHARACTERISTICS AND THEIR CONSEQUENCES, AUTHENTICITY OF FOOD AND FOOD/NUTRITIONAL SUPPLEMENTS AND BIOLOGICAL ACTIVITIES AND/OR ABNORMALITY(S)/DISORDERS DUE TO PATHOLOGY(S)/DISEASE(S).","(PT103757)
LA PRESENTE INVENCIÓN SE RELACIONA CON UN PROCESO DE ANÁLISIS, SEPARACIÓN E IDENTIFICACIÓN QUE PERMITE LA IDENTIFICACIÓN DE LOS ENANTÓMEROS D Y L DE AZÚCARES MONOSACÁRIDOS Y, SIMULTÁNEAMENTE, LA SEPARACIÓN E IDENTIFICACIÓN DE SUS ANÓMEROS (CX E II), ASÍ COMO LA SEPARACIÓN E IDENTIFICACIÓN DE LOS ISÓMEROS ESTRUCTURALES. LA PRESENTE INVENCIÓN DESCRIBE LA SEPARACIÓN CROMATOGRÁFICA QUIRAL DE MONOSACÁRIDOS MEDIANTE CROMATOGRAFÍA LÍQUIDA DE ALTA RESPUESTA (HPLC) COMO METODOLOGÍA, LO QUE PERMITE LA IDENTIFICACIÓN DE AZÚCARES, LA DETERMINACIÓN SIMULTÁNEA DE SU CONFIGURACIÓN ABSOLUTA Y LA CONFIGURACIÓN DEL CENTRO ANOMÉRICO DEL MONOSACÁRIDO. LA INVENCIÓN PREVÉ EL USO DEL PROCESO EN DIFERENTES MATRICES ALIMENTARIAS Y EN SALUD HUMANA (ANIMAL), EN LO QUE RESPECTA A CARACTERÍSTICAS NUTRICIONALES Y SUS CONSECUENCIAS, AUTENTICIDAD DE ALIMENTOS Y SUPLEMENTOS ALIMENTARIOS/NUTRICIONALES Y ACTIVIDADES BIOLÓGICAS Y/O ANOMALÍAS/TRASTORNOS DEBIDO A PATOLOGÍA(S)/ENFERMEDAD(ES).","GASPAR ELVIRA MARIA MENDES SARDAO MONTEIRO
LOPES JOAO FILIPE ALBERTO",UNIVERSITY NOVA DE LISBOA,,,1,35836513,"PT103757            B  2009-06-04 [PT-103757]
PT103757            A  2008-12-05 [PT-103757]",40551177,PT10375707,2007PT-0103757
"CS257566
CS870485","CS-257566
CS8508704","B1
A1","CS257566            B1 
CS870485            A1 ","CSB1
CSA1","1988-05-16
1987-10-15",Open,https://www.orbit.com/GetPDF?gui=crypt&callingapp=EDOFF&key=gRmVRK1/YCd0gcrAolP9RmkyFX8ClgOuNoC7YXsv59YGnqhCiah71Q5It1SpHY9mwC7dydMAfw4=&n=1,1985-12-02,"(CS257566)
Method of saccharose determination in honey","(CS257566)
Método de determinación de sacarosa en la miel",,,"BACILEK JAROMIR
MAREK MIROSLAV
JARY JIRI",JARY JIRI PROFDRSC CS,,,1,10072864,"CS257566            B1 1988-05-16 [CS-257566]
CS870485            A1 1987-10-15 [CS8508704]",5437996,CS870485,1985CS-0008704